{
  "bestChromosome": {
    "TRAP_DANGER": -553998180,
    "STRATEGIC_SQUEEZE": -39393039,
    "ENEMY_TRAPPED": 304419800,
    "HEAD_ON_COLLISION": -143723746,
    "TIGHT_SPOT": -31075.95017369288,
    "LENGTH": 8926.494399942283,
    "EAT_REWARD": 435.3385362030285,
    "TERRITORY_CONTROL": 4878.56991392871,
    "KILL_PRESSURE": 270205.66438367177,
    "FOOD_INTENSITY": 391.6224712952966,
    "FOOD_THRESHOLD": 16.97481748727457,
    "FOOD_EXPONENT": 2.2334755118322596,
    "AGGRESSION": 743.4046903791108
  },
  "fitness": 293.4207792207792,
  "gen": 10
}