{
  "bestChromosome": {
    "TRAP_DANGER": -167851244,
    "STRATEGIC_SQUEEZE": -49293830,
    "ENEMY_TRAPPED": 123914592,
    "HEAD_ON_COLLISION": -169301651,
    "TIGHT_SPOT": -76786.23856648129,
    "LENGTH": 3299.9364573613675,
    "EAT_REWARD": 4761.589988216109,
    "TERRITORY_CONTROL": 3771.1785430899845,
    "KILL_PRESSURE": 226090.14945441255,
    "FOOD_INTENSITY": 1603.2415810307202,
    "FOOD_THRESHOLD": 12.905511121426132,
    "FOOD_EXPONENT": 1.7214273721893134,
    "AGGRESSION": 8332.109218506885
  },
  "fitness": 317.47352941176473,
  "gen": 20
}