{"gen":20,"pop":[[-153566299,-25096788,120413269,-147419486,-99574.99497987979,3510.3605523325696,4348.670658280008,3731.3422039613674,218734.45586532852,1603.2415810307202,13.49696527477617,1.4846608136518296,7173.325752394395],[-153566299,-23675847,102433201,-264810444,-68950.48163128048,5810.467780765633,5201.948926205879,3928.8767431582305,211958.48880688098,617.1396366121535,12.789848432712931,1.7612039384783107,9538.777426867786],[-217939761,-20595725,102433201,-169301651,-68950.48163128048,5167.778690489549,4541.025550207286,4488.019024984923,211958.48880688098,617.1396366121535,17.70685067667106,1.9194202601805577,7451.0893889799245],[-225195754,-20595725,99693879,-146776845,-89132.74136534664,1249.105533287248,4508.360300926263,4512.692020475795,294108.1105905221,883.7767525163646,16.116377914806204,1.9194202601805577,6435.1177455545685],[-153566299,-25096788,120413269,-264810444,-89375.49772717764,3510.3605523325696,4348.670658280008,3486.5340430148117,218734.45586532852,617.1396366121535,13.49696527477617,1.7612039384783107,9538.777426867786],[-225195754,-50000000,71263991,-146776845,-74131.84651048826,2199.6916146163776,3671.7387882393377,4949.087341365042,244708.00248969908,883.7767525163646,17.625565532904677,1.8885151579039474,8623.442024043627],[-204126897,-44045645,122261013,-205389096,-99574.99497987979,5699.690460218652,5613.59957459187,4498.530107970012,198525.72052877047,2062.131099196812,12.300713029940061,1.8885151579039474,8382.509913324851],[-210201202,-23675847,109169757,-198104271,-92732.38944397809,7084.748658101229,4508.360300926263,4831.39877063581,226090.14945441255,1114.5039651116426,15.829212853811034,1.8728827478475467,6435.1177455545685],[-150000000,-20595725,173822893,-172816078,-65577.51745988378,5167.778690489549,4541.025550207286,4498.530107970012,244708.00248969908,1454.1164585704096,14.830365890962597,1.9194202601805577,6435.1177455545685],[-210201202,-20957825,123914592,-264810444,-74726.69511689564,5810.467780765633,5026.722094812001,3928.8767431582305,211958.48880688098,850.8561711192507,17.07687980240916,1.8414820640761622,6042.435250013051],[-204126897,-49534736,141949789,-189911732,-71524.81691664585,5699.690460218652,5613.59957459187,3568.812149779596,244708.00248969908,1695.3813768181783,16.23297240011891,1.8092899632698918,7618.110450204697],[-167851244,-22095907,102433201,-145730303,-100000,5647.81199825747,3089.498819754445,3734.177883030566,262125.582082638,867.4244003752716,17.22230588320583,1.8885151579039474,7931.173943252078],[-153566299,-18990023,102433201,-264810444,-68950.48163128048,5810.467780765633,5201.948926205879,3928.8767431582305,211958.48880688098,303.22262763447617,12.789848432712931,1.7612039384783107,10000],[-150000000,-19626598,122274319,-264810444,-67071.26074311658,5810.467780765633,4154.229703164587,3928.8767431582305,211958.48880688098,617.1396366121535,12.789848432712931,1.7612039384783107,9538.777426867786],[-265766141,-49534736,146024768,-177864892,-100000,5699.690460218652,5613.59957459187,4291.301256123412,98633.55758318049,1265.8286864924066,16.23297240011891,1.8885151579039474,7785.17261520519],[-225195754,-50000000,114750116,-172660593,-89132.74136534664,1249.105533287248,3671.7387882393377,4512.692020475795,250492.1869963056,883.7767525163646,14.88311520127484,1.8414820640761622,8332.109218506885],[-150000000,-18101950,120413269,-176968211,-99574.99497987979,5699.690460218652,5364.825648166183,4436.643498729975,244708.00248969908,1454.1164585704096,16.23297240011891,1.9194202601805577,7618.110450204697],[-198477435,-47395816,122537973,-259963850,-59133.917703721614,2540.1218213425423,4233.54115750242,4972.448427870018,244708.00248969908,2062.131099196812,13.879983056653465,1.9170469981118283,8382.509913324851],[-210201202,-50000000,131906661,-203781970,-65577.51745988378,6270.777089206451,4508.360300926263,4831.39877063581,226090.14945441255,870.8453570109309,17.22230588320583,1.9194202601805577,7931.173943252078],[-172805015,-50000000,102433201,-203781970,-73390.79465592894,5699.690460218652,4563.624746495043,5000,173713.95091428072,1171.4479676178191,18.17456200248532,1.7612039384783107,7931.173943252078],[-194620649,-20595725,173822893,-223001561,-79744.89858963576,3299.9364573613675,2672.6068760396056,4040.2788792643373,244708.00248969908,1275.2730405891766,12.300713029940061,1.9194202601805577,7451.0893889799245],[-210201202,-23675847,102433201,-264810444,-68950.48163128048,5699.690460218652,5613.59957459187,3928.8767431582305,226090.14945441255,617.1396366121535,17.22230588320583,1.7612039384783107,7931.173943252078],[-210201202,-20595725,131906661,-233945655,-62087.834966124356,6270.777089206451,4508.360300926263,3731.3422039613674,244708.00248969908,1603.2415810307202,13.49696527477617,2.0223046381627734,6435.1177455545685],[-150000000,-22095907,102433201,-168847171,-99574.99497987979,1249.105533287248,3671.7387882393377,4160.140900425303,227449.01393076396,883.7767525163646,10.97220218913408,1.6364279463005549,7430.860700453185]],"bestEver":[-167851244,-49293830,123914592,-169301651,-76786.23856648129,3299.9364573613675,4761.589988216109,3771.1785430899845,226090.14945441255,1603.2415810307202,12.905511121426132,1.7214273721893134,8332.109218506885],"bestScore":317.47352941176473,"bestStats":{"score":317.47352941176473,"wins":12,"draws":0,"losses":0,"avgT":380.25,"avgL":26},"history":[{"gen":1,"best":277.1404411764706,"avg":108.90640731935173,"bestEver":277.1404411764706,"staged":true,"quickMatchups":2,"fullMatchups":8,"selfPoolSize":0},{"gen":2,"best":266.4838235294118,"avg":169.62464201865612,"bestEver":277.1404411764706,"staged":true,"quickMatchups":4,"fullMatchups":12,"selfPoolSize":1},{"gen":3,"best":245.51274509803923,"avg":150.46852900064383,"bestEver":277.1404411764706,"staged":true,"quickMatchups":4,"fullMatchups":12,"selfPoolSize":2},{"gen":4,"best":264.1612745098039,"avg":176.08561942799963,"bestEver":277.1404411764706,"staged":true,"quickMatchups":4,"fullMatchups":12,"selfPoolSize":3},{"gen":5,"best":265.85343137254904,"avg":157.04188845327567,"bestEver":277.1404411764706,"staged":true,"quickMatchups":4,"fullMatchups":12,"selfPoolSize":4},{"gen":6,"best":241.0328431372549,"avg":167.02413126653235,"bestEver":277.1404411764706,"staged":true,"quickMatchups":4,"fullMatchups":12,"selfPoolSize":5},{"gen":7,"best":264.1470588235294,"avg":169.99926138192606,"bestEver":277.1404411764706,"staged":true,"quickMatchups":4,"fullMatchups":12,"selfPoolSize":5},{"gen":8,"best":240.7441176470588,"avg":185.21341798050412,"bestEver":277.1404411764706,"staged":true,"quickMatchups":4,"fullMatchups":12,"selfPoolSize":5},{"gen":9,"best":194.2485294117647,"avg":152.9946991207261,"bestEver":277.1404411764706,"staged":true,"quickMatchups":4,"fullMatchups":12,"selfPoolSize":5},{"gen":10,"best":243.24460784313726,"avg":156.40327847056022,"bestEver":277.1404411764706,"staged":true,"quickMatchups":4,"fullMatchups":12,"selfPoolSize":5},{"gen":11,"best":218.27205882352942,"avg":214.2870569516172,"bestEver":277.1404411764706,"staged":true,"quickMatchups":4,"fullMatchups":12,"selfPoolSize":6},{"gen":12,"best":262.3627450980392,"avg":154.11874112153785,"bestEver":277.1404411764706,"staged":true,"quickMatchups":4,"fullMatchups":12,"selfPoolSize":6},{"gen":13,"best":238.73676470588236,"avg":159.9821197394018,"bestEver":277.1404411764706,"staged":true,"quickMatchups":4,"fullMatchups":12,"selfPoolSize":6},{"gen":14,"best":264.5240196078431,"avg":184.4155089239479,"bestEver":277.1404411764706,"staged":true,"quickMatchups":4,"fullMatchups":12,"selfPoolSize":6},{"gen":15,"best":317.47352941176473,"avg":164.2274473065458,"bestEver":317.47352941176473,"staged":true,"quickMatchups":4,"fullMatchups":12,"selfPoolSize":6},{"gen":16,"best":241.62107843137255,"avg":169.94744466487523,"bestEver":317.47352941176473,"staged":true,"quickMatchups":4,"fullMatchups":12,"selfPoolSize":7},{"gen":17,"best":266.2656862745098,"avg":134.5109240073617,"bestEver":317.47352941176473,"staged":true,