{"gen":10,"pop":[[-553998180,-39393039,304419800,-143723746,-31075.95017369288,8926.494399942283,435.3385362030285,4878.56991392871,270205.66438367177,391.6224712952966,16.97481748727457,2.2334755118322596,743.4046903791108],[-447441201,-1810618,331001023,-289223356,-13073.738092455227,5913.88866253064,1611.9405631340474,4795.728776643917,282032.4512699861,1212.8091156007958,17.451473075925573,2.3999372729195105,8542.137841684917],[-470706572,-1810618,331001023,-289223356,-13073.738092455227,6107.230245370827,387.4866356679543,4785.243008642867,282032.4512699861,1212.8091156007958,17.451473075925573,2.3999372729195105,8542.137841684917],[-472526731,-39885009,331001023,-289223356,-10941.311290846415,6273.955894970064,669.5394175806049,4748.612083447996,270205.66438367177,1212.8091156007958,16.97481748727457,2.2356056403667623,8241.593904912777],[-620045512,-41341258,304419800,-143723746,-10000,8926.494399942283,669.5394175806049,4553.819442498941,94966.87109918504,391.6224712952966,16.627724341723873,2.4252275642845396,9003.572453670391],[-453328391,-38850448,331001023,-289223356,-10000,5913.88866253064,151.40632727328972,4878.56991392871,282032.4512699861,391.6224712952966,16.796204556717505,2.3999372729195105,8542.137841684917],[-620045512,-2759889,304419800,-143723746,-31075.95017369288,8578.359078864694,669.5394175806049,4748.612083447996,265952.0535463752,391.6224712952966,16.97481748727457,2.2334755118322596,8733.009140623843],[-485523851,-39393039,331001023,-289223356,-13073.738092455227,5913.88866253064,100,4785.243008642867,166379.51952879544,1023.4245236202182,17.16535270582356,2.4252275642845396,8374.70452985253],[-620045512,-2759889,304419800,-143723746,-13073.738092455227,8926.494399942283,669.5394175806049,4748.612083447996,265952.0535463752,391.6224712952966,16.97481748727457,2.2334755118322596,743.4046903791108],[-620045512,-2759889,361831025,-289223356,-13073.738092455227,8578.359078864694,669.5394175806049,4553.819442498941,270205.66438367177,522.8355367477682,17.05668725009196,2.4252275642845396,9003.572453670391],[-447441201,-9242307,344825740,-294413319,-13073.738092455227,8578.359078864694,1611.9405631340474,4774.316842812805,282032.4512699861,1212.8091156007958,17.16535270582356,2.3999372729195105,8374.70452985253],[-620045512,-41341258,331001023,-149906045,-10000,5913.88866253064,1611.9405631340474,4795.728776643917,270205.66438367177,1212.8091156007958,17.451473075925573,2.3999372729195105,9003.572453670391],[-472526731,-40118034,381017861,-288985321,-15819.17277664727,8530.760912292717,100,4774.316842812805,166379.51952879544,1212.8091156007958,18.384344010524817,2.2144180294485425,8374.70452985253],[-447441201,-1810618,331001023,-287297874,-13073.738092455227,5837.5429845525205,172.98508729859338,5000,280867.54718170693,1273.330640174307,17.451473075925573,2.3999372729195105,8542.137841684917],[-620045512,-9242307,361831025,-158278157,-15819.17277664727,8578.359078864694,718.2815467110453,4785.243008642867,268559.2556035242,1212.8091156007958,17.451473075925573,2.4252275642845396,8192.837932040318],[-447441201,-39393039,331001023,-143723746,-10000,8578.359078864694,1938.4125213901668,4774.316842812805,282032.4512699861,1212.8091156007958,16.97481748727457,2.3999372729195105,8667.764347026117],[-620045512,-41341258,331001023,-149906045,-13073.738092455227,5913.88866253064,669.5394175806049,4553.819442498941,280867.54718170693,1396.9081258858678,16.627724341723873,2.4252275642845396,9003.572453670391],[-620045512,-41341258,341502882,-289223356,-10000,5913.88866253064,749.951189873119,4553.819442498941,270205.66438367177,1212.8091156007958,17.451473075925573,2.3999372729195105,8542.137841684917],[-620045512,-2759889,331001023,-275156423,-13073.738092455227,5913.88866253064,387.4866356679543,4748.612083447996,268559.2556035242,534.9970842548348,17.451473075925573,2.2356056403667623,8542.137841684917],[-620045512,-41341258,331001023,-149906045,-10000,6236.455970835949,669.5394175806049,4553.819442498941,270205.66438367177,1212.8091156007958,16.627724341723873,2.1784366282922107,9003.572453670391]],"bestEver":[-553998180,-39393039,304419800,-143723746,-31075.95017369288,8926.494399942283,435.3385362030285,4878.56991392871,270205.66438367177,391.6224712952966,16.97481748727457,2.2334755118322596,743.4046903791108],"bestScore":293.4207792207792,"bestStats":{"score":293.4207792207792,"wins":26,"draws":0,"losses":2,"avgT":331.10714285714283,"avgL":23.678571428571427,"breakdown":{"byKind":{"http":{"games":24,"wins":22,"draws":0,"losses":2},"self":{"games":4,"wins":4,"draws":0,"losses":0}},"byOpponent":{"http:http://localhost:7000 (legacy)":{"games":12,"wins":10,"draws":0,"losses":2},"http:http://localhost:8000 (legacy)":{"games":12,"wins":12,"draws":0,"losses":0},"self:Self-Gen5":{"games":1,"wins":1,"draws":0,"losses":0},"self:Self-Gen6":{"games":1,"wins":1,"draws":0,"losses":0},"self:Self-Gen7":{"games":1,"wins":1,"draws":0,"losses":0},"self:Self-Gen8":{"games":1,"wins":1,"draws":0,"losses":0}}}},"history":[{"gen":1,"best":283.06439393939394,"avg":237.27835743801657,"bestEver":283.06439393939394,"staged":true,"quickMatchups":4,"fullMatchups":24,"selfPoolSize":0},{"gen":2,"best":270.0857142857143,"avg":207.11521399055488,"bestEver":283.06439393939394,"staged":true,"quickMatchups":6,"fullMatchups":28,"selfPoolSize":1},{"gen":3,"best":269.5269480519481,"avg":202.34838105076747,"bestEver":283.06439393939394,"staged":true,"quickMatchups":6,"fullMatchups":28,"selfPoolSize":2},{"gen":4,"best":271.69155844155847,"avg":206.22076003541915,"bestEver":283.06439393939394,"staged":true,"quickMatchups":6,"fullMatchups":28,"selfPoolSize":3},{"gen":5,"best":269.1951298701299,"avg":208.5402867965368,"bestEver":283.06439393939394,"staged":true,"quickMatchups":6,"fullMatchups":28,"selfPoolSize":4},{"gen":6,"best":268.3866883116884,"avg":239.02484848484852,"bestEver":283.06439393939394,"staged":true,"quickMatchups":6,"fullMatchups":28,"selfPoolSize":5},{"gen":7,"best":262.88246753246756,"avg":217.16731601731604,"bestEver":283.06439393939394,"staged":true,"quickMatchups":6,"fullMatchups":28,"selfPoolSize":5},{"gen":8,"best":260.2042207792208,"avg":215.6462298307753,"bestEver":283.06439393939394,"staged":true,"quickMatchups":6,"fullMatchups":28,"selfPoolSize":5},{"gen":9,"best":280.06201298701296,"avg":227.06554407713503,"bestEver":283.06439393939394,"staged":true,"quickMatchups":6,"fullMatchups":28,"selfPoolSize":5},{"gen":10,"best":293.4207792207792,"avg":229.789173553719,"bestEver":293.4207792207792,"staged":true,"quickMatchups":6,"fullMatchups":28,"selfPoolSize":5}],"champions":[{"gen":1,"chromo":[-453328391,-1810618,331001023,-289223356,-31075.95017369288,8578.359078864694,435.3385362030285,4774.316842812805,151924.7188324199,522.8355367477682,5.878720581309817,2.1784366282922107,8542.137841684917],"score":283.06439393939394},{"gen":2,"chromo":[-453328391,-39393039,331001023,-289223356,-31075.95017369288,8578.359078864694,435.3385362030285,4774.316842812805,159710.47312289837,522.8355367477682,5.878720581309817,1.0053515656666971,8542.137841684917],"score":270.0857142857143},{"gen":3,"chromo":[-400856434,-531231,331001023,-289223356,-67708.64286049076,8578.359078864694,1944.7751042674035,4774.316842812805,95489.60745041358,1212.8091156007958,7.996469485710355,2.1784366282922107,6101.957174007117],"score":269.5269480519481},{"gen":4,"chromo":[-413676615,-10601525,331001023,-375443853,-31075.95017369288,8578.359078864694,435.3385362030285,4774.316842812805,289961.23706443113,522.8355367477682,15.379793831336311,2.3999372729195105,8542.137841684917],"score":271.69155844155847},{"gen":5,"chromo":[-393524585,-1810618,373620410,-253093585,-13073.738092455227,8578.359078864694,435.3385362030285,3404.247409958021,264454.0985878483,522.8355367477682,15.379793831336311,2.3999372729195105,743.4046903791108],"score":269.1951298701299},{"gen":6,