{
  "bestChromosome": {
    "TRAP_DANGER": -412754131,
    "STRATEGIC_SQUEEZE": -22514670,
    "ENEMY_TRAPPED": 301837973,
    "HEAD_ON_COLLISION": -130882070,
    "TIGHT_SPOT": -76752.59895044436,
    "LENGTH": 1210.3338547330316,
    "EAT_REWARD": 3322.68127373575,
    "TERRITORY_CONTROL": 4162.869869170129,
    "KILL_PRESSURE": 178799.60233032505,
    "FOOD_INTENSITY": 3205.6180271304142,
    "FOOD_THRESHOLD": 19.20702374672025,
    "FOOD_EXPONENT": 1.9678546940734192,
    "AGGRESSION": 7652.477053395708
  },
  "fitness": 265.0746212121212,
  "gen": 19
}