{
  "bestChromosome": {
    "TRAP_DANGER": -401379341,
    "STRATEGIC_SQUEEZE": -41439669,
    "ENEMY_TRAPPED": 319681773,
    "HEAD_ON_COLLISION": -162871193,
    "TIGHT_SPOT": -30626.71860041574,
    "LENGTH": 1932.3943711775637,
    "EAT_REWARD": 4548.468052897659,
    "TERRITORY_CONTROL": 2993.0659366214013,
    "KILL_PRESSURE": 61573.965785567474,
    "FOOD_INTENSITY": 3179.282553908459,
    "FOOD_THRESHOLD": 5.828121183161202,
    "FOOD_EXPONENT": 1.7015868379303098,
    "AGGRESSION": 907.7356507707062
  },
  "fitness": 260.8284090909091,
  "gen": 10
}