{
  "bestChromosome": {
    "TRAP_DANGER": -453328391,
    "STRATEGIC_SQUEEZE": -1810618,
    "ENEMY_TRAPPED": 331001023,
    "HEAD_ON_COLLISION": -289223356,
    "TIGHT_SPOT": -31075.95017369288,
    "LENGTH": 8578.359078864694,
    "EAT_REWARD": 435.3385362030285,
    "TERRITORY_CONTROL": 4774.316842812805,
    "KILL_PRESSURE": 151924.7188324199,
    "FOOD_INTENSITY": 522.8355367477682,
    "FOOD_THRESHOLD": 5.878720581309817,
    "FOOD_EXPONENT": 2.1784366282922107,
    "AGGRESSION": 8542.137841684917
  },
  "fitness": 283.06439393939394,
  "gen": 2
}