{
  "bestChromosome": {
    "TRAP_DANGER": -413704270,
    "STRATEGIC_SQUEEZE": -18960904,
    "ENEMY_TRAPPED": 320798923,
    "HEAD_ON_COLLISION": -140956186,
    "TIGHT_SPOT": -76752.59895044436,
    "LENGTH": 910.3009536981747,
    "EAT_REWARD": 1879.7146024894673,
    "TERRITORY_CONTROL": 3265.199773183833,
    "KILL_PRESSURE": 66318.81123642749,
    "FOOD_INTENSITY": 3303.091788493477,
    "FOOD_THRESHOLD": 19.35696610906243,
    "FOOD_EXPONENT": 1.9678546940734192,
    "AGGRESSION": 7595.794549233768
  },
  "fitness": 275.08257575757574,
  "gen": 25
}