{"gen":19,"pop":[[-424278938,-23704291,315579860,-130882070,-76752.59895044436,1164.580219418977,2823.867123964264,3192.12283753909,66318.81123642749,3175.8607643330847,20,1.9678546940734192,7375.815265054021],[-424278938,-20150734,296445148,-140956186,-76752.59895044436,2026.699268949893,3393.4228340136187,4614.505361088904,66318.81123642749,3175.8607643330847,19.88338121001075,1.9805463730602313,7375.815265054021],[-411881635,-20528125,332632755,-100063589,-75102.29922750685,1682.5731397025065,3838.310969121229,3127.1952456601834,173311.878688431,1729.877642869168,19.35696610906243,1.9678546940734192,899.4144533817174],[-424278938,-22514670,322153813,-137161482,-77940.26993383918,1164.580219418977,3400.4631675711416,3192.12283753909,181482.46196158684,3095.9441351164905,19.767958446152512,1.957503947431818,7375.815265054021],[-402757416,-20150734,329855751,-140956186,-76752.59895044436,2026.699268949893,3393.4228340136187,3056.4565127495102,76180.8237430754,3104.56762155368,19.88338121001075,1.617458249192208,1085.7714202722048],[-445537882,-21246130,327870764,-118356560,-76948.12174968276,1862.2886769961497,3838.310969121229,3192.12283753909,176213.44689313928,2896.1521930257018,18.63252112600158,1.9678546940734192,7654.781366084973],[-402757416,-22514670,329855751,-130882070,-73352.5786022272,2138.2342733104297,3400.4631675711416,4391.228281519701,66318.81123642749,3104.56762155368,20,1.9678546940734192,1144.8889390238373],[-402757416,-22514670,343290628,-128244035,-76752.59895044436,1682.5731397025065,3261.2346711842297,4391.228281519701,86430.48561612569,1729.877642869168,19.17584284181985,1.9678546940734192,7950.606814846877],[-402757416,-22514670,315579860,-130882070,-73352.5786022272,1164.580219418977,3885.0917208439228,2957.4489719542808,66318.81123642749,3104.56762155368,20,1.9678546940734192,7464.7593213573255],[-411881635,-23704291,315579860,-101681839,-74846.35255837475,1682.5731397025065,3136.0734210389387,3368.107146458008,173311.878688431,3175.8607643330847,20,1.959454551197069,7375.815265054021],[-382389622,-23841780,294911771,-122732664,-76752.59895044436,1966.1515937457236,3690.9969218380315,3936.774412893203,66318.81123642749,3175.8607643330847,19.993006466271765,1.9805463730602313,7342.746553422599],[-402757416,-22514670,315889536,-130882070,-73352.5786022272,1210.3338547330316,3400.4631675711416,2923.828554754563,69045.25828136555,3104.56762155368,20,1.5397222650170408,927.4878781340788],[-402757416,-23704291,315579860,-142183997,-76752.59895044436,1210.3338547330316,2823.867123964264,3056.4565127495102,66318.81123642749,3136.1504472620904,20,1.9678546940734192,7049.292927217302],[-384649441,-22292281,332743244,-140956186,-76752.59895044436,2026.699268949893,2997.1502023183393,3192.12283753909,173311.878688431,3104.56762155368,19.35696610906243,1.957503947431818,7654.781366084973],[-382389622,-24210345,295373127,-130882070,-72263.20453312075,1058.7337602422801,3817.7871776326983,3192.12283753909,66318.81123642749,3195.346215502263,19.91277264364436,2.101951444060106,7375.815265054021],[-424278938,-21373759,283550131,-130882070,-77940.26993383918,1204.0580616991138,3393.4228340136187,4162.869869170129,66318.81123642749,3175.8607643330847,19.88338121001075,1.9805463730602313,7170.775466298892],[-424278938,-21068743,315579860,-122732664,-76752.59895044436,1682.5731397025065,3393.4228340136187,4614.505361088904,59675.37051274901,1729.877642869168,19.88338121001075,1.9805463730602313,7654.781366084973],[-420839822,-22514670,322153813,-130882070,-71652.98131321724,1204.0580616991138,3400.4631675711416,4162.869869170129,189100.66984394038,3151.9258244021476,20,1.957503947431818,1170.2591258711789],[-383282920,-21939438,278886663,-140956186,-80469.83457941381,2026.699268949893,2997.1502023183393,2961.4394134432314,66318.81123642749,3301.596732591108,18.939614385107244,2.1337602602170187,7654.781366084973],[-420839822,-22514670,288763285,-135049523,-76752.59895044436,1204.0580616991138,3393.4228340136187,4614.505361088904,66318.81123642749,3095.9441351164905,19.88338121001075,1.957503947431818,7375.815265054021]],"bestEver":[-412754131,-22514670,301837973,-130882070,-76752.59895044436,1210.3338547330316,3322.68127373575,4162.869869170129,178799.60233032505,3205.6180271304142,19.20702374672025,1.9678546940734192,7652.477053395708],"bestScore":265.0746212121212,"bestStats":{"score":265.0746212121212,"wins":20,"draws":0,"losses":4,"avgT":363.4166666666667,"avgL":23.541666666666668,"breakdown":{"byKind":{"http":{"games":20,"wins":18,"draws":0,"losses":2},"self":{"games":4,"wins":2,"draws":0,"losses":2}},"byOpponent":{"http:snek-two (legacy)":{"games":10,"wins":8,"draws":0,"losses":2},"http:shapeshifter (standard)":{"games":10,"wins":10,"draws":0,"losses":0},"self:Self-Gen5":{"games":1,"wins":1,"draws":0,"losses":0},"self:Self-Gen10":{"games":1,"wins":0,"draws":0,"losses":1},"self:Self-Gen11":{"games":1,"wins":0,"draws":0,"losses":1},"self:Self-Gen12":{"games":1,"wins":1,"draws":0,"losses":0}}}},"history":[{"gen":1,"best":208.48227272727274,"avg":170.2457727272727,"bestEver":208.48227272727274,"staged":false,"quickMatchups":4,"fullMatchups":20,"selfPoolSize":0},{"gen":2,"best":225.10037878787878,"avg":172.40943181818182,"bestEver":225.10037878787878,"staged":false,"quickMatchups":6,"fullMatchups":24,"selfPoolSize":1},{"gen":3,"best":238.89204545454547,"avg":173.19865530303028,"bestEver":238.89204545454547,"staged":false,"quickMatchups":6,"fullMatchups":24,"selfPoolSize":2},{"gen":4,"best":226.30416666666665,"avg":184.87857954545456,"bestEver":238.89204545454547,"staged":false,"quickMatchups":6,"fullMatchups":24,"selfPoolSize":3},{"gen":5,"best":237.14204545454547,"avg":187.76337121212123,"bestEver":238.89204545454547,"staged":false,"quickMatchups":6,"fullMatchups":24,"selfPoolSize":4},{"gen":6,"best":260.8284090909091,"avg":195.40994318181816,"bestEver":260.8284090909091,"staged":false,"quickMatchups":6,"fullMatchups":24,"selfPoolSize":5},{"gen":7,"best":250.8723484848485,"avg":188.45410984848485,"bestEver":260.8284090909091,"staged":false,"quickMatchups":6,"fullMatchups":24,"selfPoolSize":5},{"gen":8,"best":214.39583333333334,"avg":164.71371212121215,"bestEver":260.8284090909091,"staged":false,"quickMatchups":6,"fullMatchups":24,"selfPoolSize":5},{"gen":9,"best":247.95075757575756,"avg":184.62051136363635,"bestEver":260.8284090909091,"staged":false,"quickMatchups":6,"fullMatchups":24,"selfPoolSize":5},{"gen":10,"best":249.49507575757573,"avg":192.73314393939393,"bestEver":260.8284090909091,"staged":false,"quickMatchups":6,"fullMatchups":24,"selfPoolSize":5},{"gen":11,"best":226.26401515151517,"avg":171.836553030303,"bestEver":260.8284090909091,"staged":false,"quickMatchups":6,"fullMatchups":24,"selfPoolSize":6},{"gen":12,"best":201.0746212121212,"avg":166.9757196969697,"bestEver":260.8284090909091,"staged":false,"quickMatchups":6,"fullMatchups":24,"selfPoolSize":6},{"gen":13,"best":237.23901515151516,"avg":201.87729166666665,"bestEver":260.8284090909091,"staged":false,"quickMatchups":6,"fullMatchups":24,"selfPoolSize":6},{"gen":14,"best":214.10681818181817,"avg":179.61382575757577,"bestEver":260.8284090909091,"staged":false,"quickMatchups":6,"fullMatchups":24,"selfPoolSize":6},{"gen":15,"best":265.0746212121212,"avg":196.02875000000003,"bestEver":265.0746212121212,"staged":false,"quickMatchups":6,"fullMatchups":24,"selfPoolSize":6},{"gen":16,"best":237.7962121212121,"avg":188.24285984848487,"bestEver":265.0746212121212,"staged":false,"quickMatchups":6,"fullMatchups":24,"selfPoolSize":7},{"gen":17,"best":238.3647727272727,"avg":209.9214962121212,"bestEver":265.0746212121212,"staged":false,"quickMatchups":6,"fullMatchups":24,"selfPoolSize":7},{"gen":18,"best":252.83446969696968,"avg":206.35600378787882,"bestEver":265.0746212121212,"staged":false,"quickMatchups":6,"fullMatchups":24,"selfPoolSize":7},{"gen":19,"best":249.76325757575756,"avg":202.6069886363636,"bestEver":265.0746212121212,"staged":false,"quickMatchups":6,"fullMatchups":24,