{"gen":25,"pop":[[-382389622,-23228973,238769804,-127299567,-72263.20453312075,1472.672494006902,2673.174110110133,4614.505361088904,70963.08618317006,3276.0134569199586,20,1.993312182348446,7093.468531560634],[-413704270,-24505776,251022712,-140956186,-72469.80913287854,676.09665414824,3155.818322383389,4614.505361088904,76180.8237430754,3353.213962612815,19.840711770675238,2.0261181042499103,7441.045618978078],[-413704270,-24505776,238769804,-140956186,-72469.80913287854,1472.672494006902,3155.818322383389,4614.505361088904,76180.8237430754,3353.213962612815,19.840711770675238,2.089078213049065,7441.045618978078],[-428017151,-19510712,259782822,-140956186,-79601.99916982399,1058.7337602422801,1879.7146024894673,4614.505361088904,66318.81123642749,3059.2042858263367,19.840711770675238,2.0571474155269236,7183.247545496317],[-413704270,-23228973,254913843,-127299567,-75536.7480993647,1472.672494006902,1879.7146024894673,4393.398409315121,86417.25910685437,3411.971338888516,20,1.993312182348446,7093.468531560634],[-389579051,-24505776,230835495,-126704149,-74391.89756786393,676.09665414824,3037.1295083476157,2869.824664488735,72007.69237079185,3010.90280879389,19.840711770675238,2.006379740452498,7653.372218659574],[-382389622,-19968167,339651470,-140956186,-76752.59895044436,1852.025306098796,1904.3367532473599,3265.199773183833,66318.81123642749,3340.5469635392747,20,1.9805463730602313,7441.045618978078],[-413704270,-21863004,247631036,-140811646,-74150.47200739913,676.09665414824,3413.831756317478,4614.505361088904,74006.20089397456,3226.717630014846,19.840711770675238,2.0571474155269236,7086.956120563882],[-389579051,-23790539,296445148,-126454996,-72263.20453312075,301.94568354970903,2241.877859821797,3192.12283753909,76180.8237430754,3175.8607643330847,19.840711770675238,1.9002564591122715,7444.132249395418],[-413704270,-24210345,304721731,-140956186,-72263.20453312075,1406.0452024493584,3817.7871776326983,4221.771710887555,50000,3219.19052217233,19.840711770675238,1.9634111547996635,7302.145681282531],[-389579051,-18404282,304721731,-140956186,-78364.01113791917,676.09665414824,3013.16093422767,3265.199773183833,70963.08618317006,3010.90280879389,20,2.0402362632057605,7444.132249395418],[-413704270,-23228973,295869255,-127299567,-71334.2911504175,1472.672494006902,2900.8814824563974,4614.505361088904,66318.81123642749,3276.0134569199586,20,1.993312182348446,7467.5472203027275],[-389000793,-18960904,336466499,-141915303,-72263.20453312075,1472.672494006902,3413.831756317478,3265.199773183833,66318.81123642749,3293.6317893488836,20,1.9805463730602313,7093.468531560634],[-382389622,-18404282,234132637,-127061641,-74391.89756786393,676.09665414824,2673.174110110133,3027.2749743089735,70963.08618317006,3276.0134569199586,19.840711770675238,1.993312182348446,7093.468531560634],[-403197365,-24505776,238769804,-140956186,-72263.20453312075,1472.672494006902,3155.818322383389,4614.505361088904,70963.08618317006,3276.0134569199586,19.840711770675238,1.993312182348446,7093.468531560634],[-398763103,-23228973,296445148,-140956186,-78017.97998763215,1472.672494006902,2673.174110110133,4614.505361088904,70963.08618317006,3175.8607643330847,20,2.0930684180940062,7093.468531560634],[-416507868,-17113836,296445148,-127299567,-72263.20453312075,1276.3141627142134,2240.7551472215205,4602.073759580743,66318.81123642749,3219.19052217233,19.88338121001075,2.0133925483668684,7093.468531560634],[-394018346,-18960904,320798923,-140956186,-76752.59895044436,910.3009536981747,1879.7146024894673,4614.505361088904,58977.42386115071,3303.091788493477,19.840711770675238,2.0184099798041366,7595.794549233768],[-382389622,-24505776,251022712,-127299567,-74200.98183271178,676.09665414824,3155.818322383389,4614.505361088904,76180.8237430754,3276.0134569199586,19.840711770675238,1.993312182348446,7441.045618978078],[-404146355,-24505776,263689465,-140956186,-72469.80913287854,1260.8080931689385,3470.3318943030367,4522.353191356252,74006.20089397456,3226.717630014846,20,2.0571474155269236,7086.956120563882]],"bestEver":[-413704270,-18960904,320798923,-140956186,-76752.59895044436,910.3009536981747,1879.7146024894673,3265.199773183833,66318.81123642749,3303.091788493477,19.35696610906243,1.9678546940734192,7595.794549233768],"bestScore":275.08257575757574,"bestStats":{"score":275.08257575757574,"wins":21,"draws":0,"losses":3,"avgT":329.9166666666667,"avgL":19.166666666666668,"breakdown":{"byKind":{"http":{"games":20,"wins":17,"draws":0,"losses":3},"self":{"games":4,"wins":4,"draws":0,"losses":0}},"byOpponent":{"http:snek-two (legacy)":{"games":10,"wins":8,"draws":0,"losses":2},"http:shapeshifter (standard)":{"games":10,"wins":9,"draws":0,"losses":1},"self:Self-Gen5":{"games":1,"wins":1,"draws":0,"losses":0},"self:Self-Gen10":{"games":1,"wins":1,"draws":0,"losses":0},"self:Self-Gen15":{"games":1,"wins":1,"draws":0,"losses":0},"self:Self-Gen19":{"games":1,"wins":1,"draws":0,"losses":0}}}},"history":[{"gen":1,"best":208.48227272727274,"avg":170.2457727272727,"bestEver":208.48227272727274,"staged":false,"quickMatchups":4,"fullMatchups":20,"selfPoolSize":0},{"gen":2,"best":225.10037878787878,"avg":172.40943181818182,"bestEver":225.10037878787878,"staged":false,"quickMatchups":6,"fullMatchups":24,"selfPoolSize":1},{"gen":3,"best":238.89204545454547,"avg":173.19865530303028,"bestEver":238.89204545454547,"staged":false,"quickMatchups":6,"fullMatchups":24,"selfPoolSize":2},{"gen":4,"best":226.30416666666665,"avg":184.87857954545456,"bestEver":238.89204545454547,"staged":false,"quickMatchups":6,"fullMatchups":24,"selfPoolSize":3},{"gen":5,"best":237.14204545454547,"avg":187.76337121212123,"bestEver":238.89204545454547,"staged":false,"quickMatchups":6,"fullMatchups":24,"selfPoolSize":4},{"gen":6,"best":260.8284090909091,"avg":195.40994318181816,"bestEver":260.8284090909091,"staged":false,"quickMatchups":6,"fullMatchups":24,"selfPoolSize":5},{"gen":7,"best":250.8723484848485,"avg":188.45410984848485,"bestEver":260.8284090909091,"staged":false,"quickMatchups":6,"fullMatchups":24,"selfPoolSize":5},{"gen":8,"best":214.39583333333334,"avg":164.71371212121215,"bestEver":260.8284090909091,"staged":false,"quickMatchups":6,"fullMatchups":24,"selfPoolSize":5},{"gen":9,"best":247.95075757575756,"avg":184.62051136363635,"bestEver":260.8284090909091,"staged":false,"quickMatchups":6,"fullMatchups":24,"selfPoolSize":5},{"gen":10,"best":249.49507575757573,"avg":192.73314393939393,"bestEver":260.8284090909091,"staged":false,"quickMatchups":6,"fullMatchups":24,"selfPoolSize":5},{"gen":11,"best":226.26401515151517,"avg":171.836553030303,"bestEver":260.8284090909091,"staged":false,"quickMatchups":6,"fullMatchups":24,"selfPoolSize":6},{"gen":12,"best":201.0746212121212,"avg":166.9757196969697,"bestEver":260.8284090909091,"staged":false,"quickMatchups":6,"fullMatchups":24,"selfPoolSize":6},{"gen":13,"best":237.23901515151516,"avg":201.87729166666665,"bestEver":260.8284090909091,"staged":false,"quickMatchups":6,"fullMatchups":24,"selfPoolSize":6},{"gen":14,"best":214.10681818181817,"avg":179.61382575757577,"bestEver":260.8284090909091,"staged":false,"quickMatchups":6,"fullMatchups":24,"selfPoolSize":6},{"gen":15,"best":265.0746212121212,"avg":196.02875000000003,"bestEver":265.0746212121212,"staged":false,"quickMatchups":6,"fullMatchups":24,"selfPoolSize":6},{"gen":16,"best":237.7962121212121,"avg":188.24285984848487,"bestEver":265.0746212121212,"staged":false,"quickMatchups":6,"fullMatchups":24,"selfPoolSize":7},{"gen":17,"best":238.3647727272727,"avg":209.9214962121212,"bestEver":265.0746212121212,"staged":false,"quickMatchups":6,"fullMatchups":24,"selfPoolSize":7},{"gen":18,"best":252.83446969696968,"avg":206.35600378787882,"bestEver":265.0746212121212,"staged":false,"quickMatchups":6,"fullMatchups":24,"selfPoolSize":7},{"gen":19,"best":249.76325757575756,"avg":202.6069886363636,"bestEver":265.0746212121212,"staged":false,"quickMatchups":6,"fullMatchups":24,"selfPoolSize":7},{"gen":20,"best":238.3590909090909,