{"gen":10,"pop":[[-406469843,-41439669,457084418,-135729418,-75730.13249334492,2069.454384578215,3838.310969121229,2993.0659366214013,69825.90001318016,1399.3006194401805,4.965799970381763,2.074226349510862,6720.232573785239],[-406469843,-41439669,315579860,-135729418,-75730.13249334492,1619.3873286208236,3485.184556320944,2993.0659366214013,184771.78848250592,1399.3006194401805,4.965799970381763,1.8678934886213927,6720.232573785239],[-417689588,-41439669,315579860,-117399262,-75730.13249334492,5765.573801186911,3752.2390023572375,3192.12283753909,184771.78848250592,1414.2778783171318,19.20702374672025,1.9678546940734192,3418.258299302985],[-417689588,-22514670,315579860,-117399262,-72263.20453312075,5369.532628798799,3290.0559603451816,3192.12283753909,184771.78848250592,1555.7500815374497,19.20702374672025,1.9678546940734192,854.1937961425804],[-406469843,-22514670,315579860,-117399262,-74930.18713932265,5369.532628798799,2962.1839859025126,2550.838599359393,72091.21426117369,1526.2457735701248,18.81910736381986,1.5805780227482176,854.1937961425804],[-417689588,-22514670,457084418,-162871193,-79688.3589279098,5369.532628798799,3662.388687427124,3192.12283753909,74520.83274239584,1356.4400447749192,18.491329948869847,1.4989459320622167,3184.890185975234],[-406469843,-22652582,457084418,-162871193,-79688.3589279098,5369.532628798799,3838.310969121229,2801.163002710162,84532.55949123338,3082.7537767648178,4.965799970381763,1.4989459320622167,6720.232573785239],[-406469843,-41439669,50000000,-135729418,-91448.99606782588,1804.9117716110636,3838.310969121229,2993.0659366214013,69825.90001318016,3081.822767389871,18.862299045603613,1.978593416572006,6720.232573785239],[-406469843,-40250823,457084418,-142950461,-75730.13249334492,1899.6045268272942,4170.008683334613,2993.0659366214013,69825.90001318016,1399.3006194401805,4.965799970381763,2.074226349510862,6720.232573785239],[-407475446,-24074422,315579860,-130882070,-76752.59895044436,1619.3873286208236,8439.757283281408,4154.31048279267,189615.71565896366,3205.6180271304142,4.688133870402959,1.6521085640600557,7170.775466298892],[-406469843,-20346489,457084418,-162871193,-87324.13179770588,5369.532628798799,8439.757283281408,3108.9895362230604,69825.90001318016,1555.7500815374497,18.680359359037276,1.978593416572006,854.1937961425804],[-401379341,-22514670,315579860,-162871193,-79688.3589279098,5807.574910830355,3531.9440804060077,3192.12283753909,74520.83274239584,3166.432690369341,18.491329948869847,1.4749673151686633,854.1937961425804],[-406469843,-19799677,457084418,-162871193,-75730.13249334492,2069.454384578215,3838.310969121229,2993.0659366214013,91409.84812579918,3167.3988839809795,18.680359359037276,1.9595322786485128,2655.117336657171],[-376820508,-24074422,315579860,-162871193,-73154.55196665453,1804.9117716110636,3290.0559603451816,2993.0659366214013,69076.90288224872,3081.822767389871,18.81910736381986,1.5805780227482176,2223.8430325913455],[-359607081,-22105255,457084418,-172188650,-83012.26494385097,2069.454384578215,8439.757283281408,3108.9895362230604,69825.90001318016,3167.3988839809795,18.680359359037276,1.978593416572006,2690.2768287878503],[-416869132,-22514670,315579860,-135729418,-79688.3589279098,5369.532628798799,3485.184556320944,3192.12283753909,61591.65248026188,3166.432690369341,4.965799970381763,1.4989459320622167,6720.232573785239],[-420996899,-41439669,50000000,-135729418,-94402.97658661992,1619.3873286208236,3485.184556320944,2993.7516893155876,69825.90001318016,1575.4759002930907,4.965799970381763,1.8678934886213927,2223.8430325913455],[-359607081,-22105255,315579860,-135729418,-75730.13249334492,2069.454384578215,8439.757283281408,3108.9895362230604,69825.90001318016,1399.3006194401805,4.965799970381763,1.978593416572006,2690.2768287878503],[-401379341,-22514670,457084418,-133492383,-71957.89815256452,5369.532628798799,3662.388687427124,3192.12283753909,74520.83274239584,1399.3006194401805,18.491329948869847,2.035693467467289,854.1937961425804],[-406469843,-41439669,308317850,-135729418,-79036.14003373265,5458.363827956119,3485.184556320944,2993.0659366214013,184771.78848250592,1540.5161985031293,19.20702374672025,1.8678934886213927,3418.258299302985]],"bestEver":[-401379341,-41439669,319681773,-162871193,-30626.71860041574,1932.3943711775637,4548.468052897659,2993.0659366214013,61573.965785567474,3179.282553908459,5.828121183161202,1.7015868379303098,907.7356507707062],"bestScore":260.8284090909091,"bestStats":{"score":260.8284090909091,"wins":20,"draws":0,"losses":4,"avgT":272.1666666666667,"avgL":16.708333333333332,"breakdown":{"byKind":{"http":{"games":20,"wins":17,"draws":0,"losses":3},"self":{"games":4,"wins":3,"draws":0,"losses":1}},"byOpponent":{"http:shapeshifter (standard)":{"games":10,"wins":7,"draws":0,"losses":3},"http:snek-two (legacy)":{"games":10,"wins":10,"draws":0,"losses":0},"self:Self-Gen1":{"games":1,"wins":0,"draws":0,"losses":1},"self:Self-Gen2":{"games":1,"wins":1,"draws":0,"losses":0},"self:Self-Gen3":{"games":1,"wins":1,"draws":0,"losses":0},"self:Self-Gen4":{"games":1,"wins":1,"draws":0,"losses":0}}}},"history":[{"gen":1,"best":208.48227272727274,"avg":170.2457727272727,"bestEver":208.48227272727274,"staged":false,"quickMatchups":4,"fullMatchups":20,"selfPoolSize":0},{"gen":2,"best":225.10037878787878,"avg":172.40943181818182,"bestEver":225.10037878787878,"staged":false,"quickMatchups":6,"fullMatchups":24,"selfPoolSize":1},{"gen":3,"best":238.89204545454547,"avg":173.19865530303028,"bestEver":238.89204545454547,"staged":false,"quickMatchups":6,"fullMatchups":24,"selfPoolSize":2},{"gen":4,"best":226.30416666666665,"avg":184.87857954545456,"bestEver":238.89204545454547,"staged":false,"quickMatchups":6,"fullMatchups":24,"selfPoolSize":3},{"gen":5,"best":237.14204545454547,"avg":187.76337121212123,"bestEver":238.89204545454547,"staged":false,"quickMatchups":6,"fullMatchups":24,"selfPoolSize":4},{"gen":6,"best":260.8284090909091,"avg":195.40994318181816,"bestEver":260.8284090909091,"staged":false,"quickMatchups":6,"fullMatchups":24,"selfPoolSize":5},{"gen":7,"best":250.8723484848485,"avg":188.45410984848485,"bestEver":260.8284090909091,"staged":false,"quickMatchups":6,"fullMatchups":24,"selfPoolSize":5},{"gen":8,"best":214.39583333333334,"avg":164.71371212121215,"bestEver":260.8284090909091,"staged":false,"quickMatchups":6,"fullMatchups":24,"selfPoolSize":5},{"gen":9,"best":247.95075757575756,"avg":184.62051136363635,"bestEver":260.8284090909091,"staged":false,"quickMatchups":6,"fullMatchups":24,"selfPoolSize":5},{"gen":10,"best":249.49507575757573,"avg":192.73314393939393,"bestEver":260.8284090909091,"staged":false,"quickMatchups":6,"fullMatchups":24,"selfPoolSize":5}],"champions":[{"gen":1,"chromo":[-338409505,-40096570,64407082,-177534205,-83286.4056839736,9490.657892547682,6616.066981342083,2877.0157146838815,54990.83986009154,3567.4015648741442,17.891883341992127,1.652102106687118,7282.128391254302],"score":208.48227272727274},{"gen":2,"chromo":[-361856991,-29985356,50000000,-343654720,-33874.68246425336,8780.51348111397,6853.451527946991,3459.8790293666466,97094.45734531914,2158.514622229954,5.828121183161202,2.7527051353017162,6081.176665706973],"score":225.10037878787878},{"gen":3,"chromo":[-650102830,-41439669,50000000,-135729418,-91044.89565646432,1932.3943711775637,4548.468052897659,2993.0659366214013,61573.965785567474,1729.6395166945122,19.20702374672025,2.304045846181991,907.7356507707062],"score":238.89204545454547},{"gen":4,"chromo":[-650102830,-41439669,50000000,-135729418,-91044.89565646432,1932.3943711775637,4548.468052897659,2993.0659366214013,61573.965785567474,1729.6395166945122,19.20702374672025,2.304045846181991,907.7356507707062],"score":226.30416666666665},{"gen":5,"chromo":[-362597889,-36708207,445046979,-166442188,-75730.13249334492,5369.532628798799,3485.184556320944,2993.0659366214013,84903.82688409054,3205.6180271304142,18.01740077102044,2.027026994529413,2747.225952736587],"score":237.14204545454547},{"gen":6,