{"gen":13,"pop":[[-379182439,-23841780,315579860,-117399262,-78030.08665819572,1682.5731397025065,3838.310969121229,3192.12283753909,69825.90001318016,3159.607031555375,19.20702374672025,1.9857226388849558,854.1937961425804],[-427901367,-19799677,436133576,-130882070,-75730.13249334492,2069.454384578215,3838.310969121229,2801.163002710162,189615.71565896366,3082.7537767648178,4.965799970381763,2.074226349510862,6720.232573785239],[-412566850,-22514670,301837973,-130882070,-72263.20453312075,5369.532628798799,2997.1502023183393,4154.31048279267,178799.60233032505,1413.1842200708331,19.20702374672025,1.617458249192208,7170.775466298892],[-414438090,-22514670,335212710,-115708079,-76752.59895044436,4983.238902943129,3372.771057535646,4154.31048279267,173311.878688431,1729.877642869168,20,1.617458249192208,1299.2634651307594],[-407475446,-22514670,457084418,-117399262,-76752.59895044436,1210.3338547330316,3322.68127373575,4154.31048279267,66318.81123642749,3205.6180271304142,4.545220336240095,1.9678546940734192,7170.775466298892],[-368820413,-22514670,315579860,-117399262,-78030.08665819572,1682.5731397025065,3838.310969121229,3192.12283753909,190854.9390883765,1729.877642869168,19.20702374672025,2.017579765999087,1085.7714202722048],[-438193287,-19799677,335212710,-115708079,-76752.59895044436,2069.454384578215,3838.310969121229,4154.31048279267,189615.71565896366,3082.7537767648178,19.35696610906243,2.074226349510862,854.1937961425804],[-427901367,-22514670,436133576,-119108645,-72263.20453312075,2069.454384578215,3838.310969121229,3318.3079177432746,184771.78848250592,3082.7537767648178,18.81910736381986,1.9246085848835717,6720.232573785239],[-417689588,-22514670,318072478,-116742101,-72263.20453312075,5671.191998376675,3290.0559603451816,4154.31048279267,184771.78848250592,1729.877642869168,5.008189458898278,1.617458249192208,7170.775466298892],[-438193287,-23841780,307061472,-115708079,-78030.08665819572,1682.5731397025065,3838.310969121229,3196.0244546713843,153762.919786094,1729.877642869168,19.20702374672025,1.9678546940734192,854.1937961425804],[-427901367,-19799677,470645684,-130882070,-75730.13249334492,1987.6022538786085,3838.310969121229,2832.256632960816,189615.71565896366,2938.2347839051317,4.965799970381763,2.074226349510862,6720.232573785239],[-386761321,-22514670,296445148,-130882070,-81045.57939365282,1682.5731397025065,2997.1502023183393,3123.2040995662423,176637.9367892937,3205.6180271304142,19.20702374672025,1.6756521209363597,854.1937961425804],[-406469843,-19799677,436133576,-121775985,-71994.11673124119,2069.454384578215,3838.310969121229,3157.8690659938134,189615.71565896366,3082.7537767648178,5.669653400638054,1.9678546940734192,6720.232573785239],[-407475446,-24074422,315579860,-117399262,-76752.59895044436,5829.546106769561,8885.201794119012,3148.429555144932,189615.71565896366,3205.6180271304142,4.688133870402959,1.6521085640600557,6941.423672399922],[-406469843,-22514670,326182219,-136264739,-72263.20453312075,5369.532628798799,3838.310969121229,4154.31048279267,184771.78848250592,3159.607031555375,19.20702374672025,1.9857226388849558,854.1937961425804],[-406469843,-19799677,457084418,-142950461,-75730.13249334492,1860.916300647193,3960.9212289382735,2949.066603876811,189615.71565896366,2938.2347839051317,4.965799970381763,1.8446385766638962,6610.969633421132],[-427901367,-18797452,315579860,-130882070,-76752.59895044436,1619.3873286208236,3838.310969121229,2801.163002710162,175179.68287101368,3205.6180271304142,4.704621231553091,2.074226349510862,6720.232573785239],[-417689588,-19799677,315579860,-117399262,-72263.20453312075,5369.532628798799,2962.1839859025126,2801.163002710162,183712.4924962379,3082.7537767648178,4.965799970381763,1.9678546940734192,6720.232573785239],[-427901367,-20301062,436133576,-130882070,-74326.18962122282,2356.757262412966,3790.0988131109298,3119.4673870737165,74520.83274239584,1791.4673446557467,18.491329948869847,1.4989459320622167,6720.232573785239],[-379182439,-22331594,315579860,-124765599,-78030.08665819572,1682.5731397025065,3838.310969121229,3192.12283753909,69825.90001318016,3159.607031555375,19.20702374672025,1.9857226388849558,591.6988981304223]],"bestEver":[-401379341,-41439669,319681773,-162871193,-30626.71860041574,1932.3943711775637,4548.468052897659,2993.0659366214013,61573.965785567474,3179.282553908459,5.828121183161202,1.7015868379303098,907.7356507707062],"bestScore":260.8284090909091,"bestStats":{"score":260.8284090909091,"wins":20,"draws":0,"losses":4,"avgT":272.1666666666667,"avgL":16.708333333333332,"breakdown":{"byKind":{"http":{"games":20,"wins":17,"draws":0,"losses":3},"self":{"games":4,"wins":3,"draws":0,"losses":1}},"byOpponent":{"http:shapeshifter (standard)":{"games":10,"wins":7,"draws":0,"losses":3},"http:snek-two (legacy)":{"games":10,"wins":10,"draws":0,"losses":0},"self:Self-Gen1":{"games":1,"wins":0,"draws":0,"losses":1},"self:Self-Gen2":{"games":1,"wins":1,"draws":0,"losses":0},"self:Self-Gen3":{"games":1,"wins":1,"draws":0,"losses":0},"self:Self-Gen4":{"games":1,"wins":1,"draws":0,"losses":0}}}},"history":[{"gen":1,"best":208.48227272727274,"avg":170.2457727272727,"bestEver":208.48227272727274,"staged":false,"quickMatchups":4,"fullMatchups":20,"selfPoolSize":0},{"gen":2,"best":225.10037878787878,"avg":172.40943181818182,"bestEver":225.10037878787878,"staged":false,"quickMatchups":6,"fullMatchups":24,"selfPoolSize":1},{"gen":3,"best":238.89204545454547,"avg":173.19865530303028,"bestEver":238.89204545454547,"staged":false,"quickMatchups":6,"fullMatchups":24,"selfPoolSize":2},{"gen":4,"best":226.30416666666665,"avg":184.87857954545456,"bestEver":238.89204545454547,"staged":false,"quickMatchups":6,"fullMatchups":24,"selfPoolSize":3},{"gen":5,"best":237.14204545454547,"avg":187.76337121212123,"bestEver":238.89204545454547,"staged":false,"quickMatchups":6,"fullMatchups":24,"selfPoolSize":4},{"gen":6,"best":260.8284090909091,"avg":195.40994318181816,"bestEver":260.8284090909091,"staged":false,"quickMatchups":6,"fullMatchups":24,"selfPoolSize":5},{"gen":7,"best":250.8723484848485,"avg":188.45410984848485,"bestEver":260.8284090909091,"staged":false,"quickMatchups":6,"fullMatchups":24,"selfPoolSize":5},{"gen":8,"best":214.39583333333334,"avg":164.71371212121215,"bestEver":260.8284090909091,"staged":false,"quickMatchups":6,"fullMatchups":24,"selfPoolSize":5},{"gen":9,"best":247.95075757575756,"avg":184.62051136363635,"bestEver":260.8284090909091,"staged":false,"quickMatchups":6,"fullMatchups":24,"selfPoolSize":5},{"gen":10,"best":249.49507575757573,"avg":192.73314393939393,"bestEver":260.8284090909091,"staged":false,"quickMatchups":6,"fullMatchups":24,"selfPoolSize":5},{"gen":11,"best":226.26401515151517,"avg":171.836553030303,"bestEver":260.8284090909091,"staged":false,"quickMatchups":6,"fullMatchups":24,"selfPoolSize":6},{"gen":12,"best":201.0746212121212,"avg":166.9757196969697,"bestEver":260.8284090909091,"staged":false,"quickMatchups":6,"fullMatchups":24,"selfPoolSize":6},{"gen":13,"best":237.23901515151516,"avg":201.87729166666665,"bestEver":260.8284090909091,"staged":false,"quickMatchups":6,"fullMatchups":24,"selfPoolSize":6}],"champions":[{"gen":1,"chromo":[-338409505,-40096570,64407082,-177534205,-83286.4056839736,9490.657892547682,6616.066981342083,2877.0157146838815,54990.83986009154,3567.4015648741442,17.891883341992127,1.652102106687118,7282.128391254302],"score":208.48227272727274},{"gen":2,"chromo":[-361856991,-29985356,50000000,-343654720,-33874.68246425336,8780.51348111397,6853.451527946991,3459.8790293666466,97094.45734531914,2158.514622229954,5.828121183161202,2.7527051353017162,6081.176665706973],"score":225.10037878787878},{"gen":3,"chromo":[-650102830,-41439669,50000000,-135729418,-91044.89565646432,1932.3943711775637,4548.468052897659,2993.0659366214013,61573.965785567474,1729.6395166945122,19.20702374672025,2.304045846181991,907.7356507707062],"score":238.89204545454547},{"gen":4,