{"gen":2,"pop":[[-453328391,-39393039,331001023,-289223356,-31075.95017369288,8578.359078864694,435.3385362030285,4774.316842812805,159710.47312289837,522.8355367477682,5.878720581309817,1.0053515656666971,8542.137841684917],[-453328391,-1810618,373620410,-289223356,-15335.047097151095,5578.01787827069,435.3385362030285,1067.1986723838793,151924.7188324199,541.3109080381653,16.97481748727457,2.281850542639323,8740.483054162494],[-393524585,-12534062,373620410,-148568849,-15335.047097151095,5578.01787827069,1944.7751042674035,1067.1986723838793,500000,1212.8091156007958,17.122341870656,2.281850542639323,8657.137041618695],[-393524585,-1810618,373620410,-148568849,-31075.95017369288,7467.631124182615,4416.10753911479,3478.0855463912044,487163.7281989657,560.2777412687094,15.379793831336311,2.221164706097787,8542.137841684917],[-453328391,-39393039,304419800,-289223356,-31075.95017369288,8107.453724727801,6085.255502266243,2204.301147793522,159710.47312289837,287.0519159258099,5.265780147548431,1.0053515656666971,8542.137841684917],[-453328391,-39393039,361831025,-289223356,-31075.95017369288,8578.359078864694,435.3385362030285,4774.316842812805,165524.2052082828,522.8355367477682,16.97481748727457,1.0053515656666971,8542.137841684917],[-453328391,-1810618,331001023,-289223356,-31075.95017369288,5913.88866253064,435.3385362030285,4774.316842812805,151924.7188324199,541.3109080381653,16.97481748727457,2.281850542639323,8542.137841684917],[-413676615,-10601525,331001023,-375443853,-31075.95017369288,8370.527211202832,435.3385362030285,4774.316842812805,292948.859550574,522.8355367477682,5.878720581309817,2.3999372729195105,8542.137841684917],[-400856434,-531231,331001023,-289223356,-67708.64286049076,8578.359078864694,1944.7751042674035,4774.316842812805,95489.60745041358,1212.8091156007958,7.996469485710355,2.1784366282922107,6101.957174007117],[-608292403,-12534062,50000000,-148568849,-15335.047097151095,8107.453724727801,1944.7751042674035,2204.301147793522,86628.81383866115,287.0519159258099,16.97481748727457,2.281850542639323,3197.876296963858],[-393524585,-39571800,331001023,-289223356,-31075.95017369288,8578.359078864694,1944.7751042674035,1067.1986723838793,487163.7281989657,634.9950749726546,17.240019360319717,1.0053515656666971,8542.137841684917],[-393524585,-39393039,331001023,-141532441,-31075.95017369288,8578.359078864694,435.3385362030285,4774.316842812805,159710.47312289837,522.8355367477682,5.878720581309817,1.0053515656666971,8542.137841684917],[-453328391,-9119703,331001023,-253093585,-13073.738092455227,8578.359078864694,435.3385362030285,3478.0855463912044,282032.4512699861,522.8355367477682,15.379793831336311,2.2961823724738433,743.4046903791108],[-608292403,-1810618,390085864,-289223356,-15335.047097151095,5578.01787827069,6085.255502266243,1067.1986723838793,151924.7188324199,287.0519159258099,16.97481748727457,2.281850542639323,8740.483054162494],[-393524585,-12534062,289568797,-148568849,-15335.047097151095,8817.372246811949,1495.3747455856835,1680.8721006057947,487163.7281989657,1212.8091156007958,16.97481748727457,1.1738502713143346,6844.1993533934965],[-440221458,-39393039,331001023,-289223356,-31075.95017369288,8578.359078864694,435.3385362030285,4774.316842812805,480673.3005691614,522.8355367477682,5.878720581309817,1.0053515656666971,8542.137841684917],[-453328391,-32236423,289568797,-246374811,-84700.14012718225,5578.01787827069,1495.3747455856835,1680.8721006057947,151924.7188324199,2227.5466454979855,16.97481748727457,1.1738502713143346,8740.483054162494],[-608292403,-1810618,304419800,-148568849,-15335.047097151095,8578.359078864694,435.3385362030285,2204.301147793522,151924.7188324199,522.8355367477682,16.97481748727457,2.1944780378668933,743.4046903791108],[-453328391,-39393039,331001023,-289223356,-31075.95017369288,8578.359078864694,435.3385362030285,4924.836464991073,159710.47312289837,522.8355367477682,5.155065765205768,1.0053515656666971,8542.137841684917],[-608292403,-10316898,304419800,-148568849,-15335.047097151095,8293.420185495997,6085.255502266243,2204.301147793522,282234.8745057951,287.0519159258099,16.97481748727457,2.197126395027369,743.4046903791108]],"bestEver":[-453328391,-1810618,331001023,-289223356,-31075.95017369288,8578.359078864694,435.3385362030285,4774.316842812805,151924.7188324199,522.8355367477682,5.878720581309817,2.1784366282922107,8542.137841684917],"bestScore":283.06439393939394,"bestStats":{"score":283.06439393939394,"wins":22,"draws":0,"losses":2,"avgT":213.33333333333334,"avgL":12.25,"breakdown":{"byKind":{"http":{"games":24,"wins":22,"draws":0,"losses":2}},"byOpponent":{"http:http://localhost:7000 (legacy)":{"games":12,"wins":12,"draws":0,"losses":0},"http:http://localhost:8000 (legacy)":{"games":12,"wins":10,"draws":0,"losses":2}}}},"history":[{"gen":1,"best":283.06439393939394,"avg":237.27835743801657,"bestEver":283.06439393939394,"staged":true,"quickMatchups":4,"fullMatchups":24,"selfPoolSize":0},{"gen":2,"best":270.0857142857143,"avg":207.11521399055488,"bestEver":283.06439393939394,"staged":true,"quickMatchups":6,"fullMatchups":28,"selfPoolSize":1}],"champions":[{"gen":1,"chromo":[-453328391,-1810618,331001023,-289223356,-31075.95017369288,8578.359078864694,435.3385362030285,4774.316842812805,151924.7188324199,522.8355367477682,5.878720581309817,2.1784366282922107,8542.137841684917],"score":283.06439393939394},{"gen":2,"chromo":[-453328391,-39393039,331001023,-289223356,-31075.95017369288,8578.359078864694,435.3385362030285,4774.316842812805,159710.47312289837,522.8355367477682,5.878720581309817,1.0053515656666971,8542.137841684917],"score":270.0857142857143}],"hallOfFame":[]}